"","Gender","Genotype","plant.position","shootEst.no18","shootEst.all","galls.found","aSG_aSG.larv","aSG_Tory","rG_Eulo","rG_Lestodip","rG_Mesopol","rG_Platy","rG_rG.larv","rG_Tory","rsLG_Eury","rsLG_Lathro","rsLG_Pont.surv","SG_Platy","SG_SG.larv","vLG_Eulo","vLG_Mesopol","vLG_Mymarid","vLG_Platy","vLG_Tory","vLG_vLG.pupa","aSG_abund","rG_abund","vLG_abund","SG_abund","rsLG_abund","Platy_abund","Tory_abund","Mesopol_abund","Eulo_abund","Lestodip_abund","Eury_abund","Lathro_abund","Mymarid_abund","gall_total_abund","link_abund","link_richness","gall_total_rich","ptoid_total_rich","network_richness","vLG_parasitized","rG_parasitized","rsLG_parasitized","SG_parasitized","aSG_parasitized"
"1","f","*","87",128.428714760193,113.224954286215,1,1,0,0,0,0,0,12,0,0,0,0,0,7,0,0,0,1,0,0,1,12,1,7,0,1,0,0,0,0,0,0,0,21,1,1,4,1,5,1,0,0,0,0
"2","f","*","185",261.18323358751,270.396069656915,1,0,0,0,0,0,0,0,0,0,0,0,0,12,0,0,0,0,0,0,0,0,0,12,0,0,0,0,0,0,0,0,0,12,0,0,1,0,1,0,0,0,0,0
"3","f","*","240",251.291716676965,257.892242313058,1,0,0,0,0,0,0,2,0,0,0,0,0,0,0,3,0,0,0,1,0,2,4,0,0,0,0,3,0,0,0,0,0,6,3,1,2,1,3,3,0,0,0,0
"4","f","*","319",324.130959186325,352.370989871097,1,0,0,0,0,0,0,7,1,0,0,4,0,0,0,0,0,0,0,1,0,8,1,0,4,0,1,0,0,0,0,0,0,13,1,1,3,1,4,0,1,0,0,0
"5","f","*","329",129.468896764365,114.350583338002,1,0,0,0,0,0,0,0,0,0,0,0,0,0,0,0,0,1,0,0,0,0,1,0,0,1,0,0,0,0,0,0,0,1,1,1,1,1,2,1,0,0,0,0
"6","f","A","232",356.012245336634,395.336059994576,1,0,0,0,0,0,0,1,1,0,0,0,0,0,0,0,0,0,0,0,0,2,0,0,0,0,1,0,0,0,0,0,0,2,1,1,1,1,2,0,1,0,0,0
"7","f","A","477",328.006863272096,357.545235538163,1,0,0,0,0,0,0,2,0,0,0,0,0,0,0,0,0,0,0,0,0,2,0,0,0,0,0,0,0,0,0,0,0,2,0,0,1,0,1,0,0,0,0,0
"8","f","A","481",320.285894905,347.251733134381,1,0,0,0,0,0,0,3,1,0,0,0,0,0,0,0,0,0,0,1,0,4,1,0,0,0,1,0,0,0,0,0,0,5,1,1,2,1,3,0,1,0,0,0
"9","f","A","520",294.223426652348,312.925566299635,1,0,0,0,0,0,0,1,0,0,0,0,0,0,0,0,0,0,0,0,0,1,0,0,0,0,0,0,0,0,0,0,0,1,0,0,1,0,1,0,0,0,0,0
"10","f","A","532",385.577977117302,435.968974506637,1,0,0,0,0,0,0,0,0,0,0,2,0,0,0,0,0,0,0,0,0,0,0,0,2,0,0,0,0,0,0,0,0,2,0,0,1,0,1,0,0,0,0,0
"11","f","F","192",198.554251200924,193.19039175034,1,0,0,0,0,0,0,0,0,0,0,1,0,0,0,0,0,0,0,0,0,0,0,0,1,0,0,0,0,0,0,0,0,1,0,0,1,0,1,0,0,0,0,0
"12","f","F","231",337.832370852061,370.72387277127,1,0,0,0,0,0,0,3,0,0,0,0,0,0,0,0,0,0,0,0,0,3,0,0,0,0,0,0,0,0,0,0,0,3,0,0,1,0,1,0,0,0,0,0
"13","f","F","233",127.394153035304,112.107452071908,1,0,0,0,0,0,0,0,0,0,0,0,0,0,0,0,0,0,0,2,0,0,2,0,0,0,0,0,0,0,0,0,0,2,0,0,1,0,1,0,0,0,0,0
"14","f","F","257",296.036037364122,315.291373913505,1,0,1,0,0,0,0,2,0,1,0,3,0,0,0,0,0,0,2,4,1,2,6,0,4,0,3,0,0,0,1,0,0,13,4,3,4,2,6,2,0,1,0,1
"15","f","F","334",165.8150672264,154.888254750424,1,0,0,0,0,0,0,0,0,0,0,0,0,0,0,0,0,0,0,0,0,0,0,0,0,0,0,0,0,0,0,0,0,0,0,0,0,0,0,0,0,0,0,0
"16","f","F","499",217.174140341105,215.638049803451,1,0,0,0,0,0,0,15,0,0,0,0,0,0,2,2,0,0,0,0,0,15,4,0,0,0,0,2,2,0,0,0,0,19,4,2,2,2,4,4,0,0,0,0
"17","f","G","59",153.806225370539,141.246786362241,1,0,0,0,0,0,0,0,0,0,0,1,0,0,0,0,0,1,0,16,0,0,17,0,1,1,0,0,0,0,0,0,0,18,1,1,2,1,3,1,0,0,0,0
"18","f","G","400",111.592879053329,95.3025013155183,1,1,0,0,0,0,0,0,0,0,0,0,0,0,0,0,0,0,0,0,1,0,0,0,0,0,0,0,0,0,0,0,0,1,0,0,1,0,1,0,0,0,0,0
"19","f","G","465",235.369638233952,237.999679852778,1,0,0,0,0,0,0,3,0,0,0,3,0,0,0,0,0,0,0,0,0,3,0,0,3,0,0,0,0,0,0,0,0,6,0,0,2,0,2,0,0,0,0,0
"20","f","G","469",279.989758500388,294.46373095663,1,0,0,0,0,0,0,3,0,0,0,0,0,0,0,0,0,0,0,1,0,3,1,0,0,0,0,0,0,0,0,0,0,4,0,0,2,0,2,0,0,0,0,0
"21","f","G","472",151.476680974632,138.627779860107,1,0,0,0,0,0,0,2,0,0,0,1,0,0,0,0,0,0,0,0,0,2,0,0,1,0,0,0,0,0,0,0,0,3,0,0,2,0,2,0,0,0,0,0
"22","f","G","507",77.2112420400641,60.665926410435,1,3,0,0,0,0,0,0,0,0,0,0,0,0,0,0,0,0,0,0,3,0,0,0,0,0,0,0,0,0,0,0,0,3,0,0,1,0,1,0,0,0,0,0
"23","f","G","534",279.989758500388,294.46373095663,1,1,0,0,0,0,0,0,0,0,0,1,0,0,0,0,0,0,0,0,1,0,0,0,1,0,0,0,0,0,0,0,0,2,0,0,2,0,2,0,0,0,0,0
"24","f","H","46",139.086005844646,124.853132149946,1,0,0,0,0,0,0,0,0,0,0,1,0,0,0,0,0,0,0,1,0,0,1,0,1,0,0,0,0,0,0,0,0,2,0,0,2,0,2,0,0,0,0,0
"25","f","H","54",343.821386659906,378.799571404938,1,0,0,0,0,0,0,6,0,0,0,3,0,4,0,0,0,0,0,3,0,6,3,4,3,0,0,0,0,0,0,0,0,16,0,0,4,0,4,0,0,0,0,0
"26","f","H","191",182.345721402902,174.032856747602,1,0,0,0,0,0,0,0,0,0,0,1,0,0,0,0,0,0,0,0,0,0,0,0,1,0,0,0,0,0,0,0,0,1,0,0,1,0,1,0,0,0,0,0
"27","f","H","321",312.687784101399,337.176702121881,1,1,0,0,0,0,0,2,0,0,0,3,0,0,0,0,0,0,0,2,1,2,2,0,3,0,0,0,0,0,0,0,0,8,0,0,4,0,4,0,0,0,0,0
"28","f","H","325",261.18323358751,270.396069656915,1,0,0,0,0,0,0,0,1,0,0,1,0,0,0,0,0,0,1,3,0,1,4,0,1,0,2,0,0,0,0,0,0,6,2,2,3,1,4,1,1,0,0,0
"29","f","I","255",195.788338113103,189.895310807941,1,0,0,0,0,0,0,0,0,0,0,7,0,0,0,0,0,1,1,7,0,0,9,0,7,1,1,0,0,0,0,0,0,16,2,2,2,2,4,2,0,0,0,0
"30","f","I","365",153.806225370539,141.246786362241,1,0,0,0,0,0,0,8,1,0,2,3,0,4,0,0,0,0,0,5,0,9,5,4,5,0,1,0,0,0,0,2,0,23,3,2,4,2,6,0,1,2,0,0
"31","f","I","562",308.934486797842,332.220188326465,1,2,1,0,0,0,0,1,0,0,0,1,0,0,0,1,0,0,1,2,3,1,4,0,1,0,2,1,0,0,0,0,0,9,3,3,4,2,6,2,0,0,0,1
"32","f","I","619",169.536599264642,159.16211687984,1,1,1,0,0,0,0,0,0,0,0,0,0,0,0,2,0,0,0,1,2,0,3,0,0,0,1,2,0,0,0,0,0,5,3,2,2,2,4,2,0,0,0,1
"33","f","I","626",214.23642961132,212.066411004529,1,1,1,0,1,0,0,3,0,0,0,0,0,0,0,2,0,1,0,1,2,4,4,0,0,1,1,2,0,1,0,0,0,10,5,4,3,4,7,3,1,0,0,1
"34","f","L","244",227.668771075999,228.485976223304,1,0,0,0,0,0,0,0,0,1,0,2,0,0,0,1,0,0,0,3,0,0,4,0,3,0,0,1,0,0,1,0,0,7,2,2,2,2,4,1,0,1,0,0
"35","f","L","245",267.920608173337,278.974588269154,1,1,0,0,0,0,0,0,0,0,0,0,0,0,0,0,0,0,0,0,1,0,0,0,0,0,0,0,0,0,0,0,0,1,0,0,1,0,1,0,0,0,0,0
"36","f","L","352",376.968893960722,424.061929221881,1,0,0,0,0,0,0,1,0,0,0,0,0,0,0,0,0,1,2,0,0,1,3,0,0,1,2,0,0,0,0,0,0,4,3,2,2,2,4,3,0,0,0,0
"37","f","L","511",353.960624734874,392.544006797228,1,0,0,0,0,0,0,0,0,0,0,0,0,0,0,1,0,0,0,1,0,0,2,0,0,0,0,1,0,0,0,0,0,2,1,1,1,1,2,1,0,0,0,0
"38","f","L","535",259.516833839203,268.281952968928,1,0,0,0,0,0,0,0,0,0,0,0,0,0,0,0,0,1,0,3,0,0,4,0,0,1,0,0,0,0,0,0,0,4,1,1,1,1,2,1,0,0,0,0
"39","f","M","370",412.194607206021,473.159016691825,1,0,0,0,0,0,0,0,0,0,0,1,0,0,0,0,0,0,0,7,0,0,7,0,1,0,0,0,0,0,0,0,0,8,0,0,2,0,2,0,0,0,0,0
"40","f","M","392",229.195214428022,230.366048270584,1,0,0,0,0,0,0,0,0,0,0,2,0,0,0,0,0,0,0,0,0,0,0,0,2,0,0,0,0,0,0,0,0,2,0,0,1,0,1,0,0,0,0,0
"41","f","M","401",113.491740269857,97.2950171768861,0,0,0,0,0,0,0,0,0,0,0,0,0,0,0,0,0,0,0,0,0,0,0,0,0,0,0,0,0,0,0,0,0,0,0,0,0,0,0,0,0,0,0,0
"42","f","M","453",430.606904726988,499.207765160246,1,0,0,0,0,0,0,4,0,0,0,2,0,0,0,0,0,0,0,0,0,4,0,0,2,0,0,0,0,0,0,0,0,6,0,0,2,0,2,0,0,0,0,0
"43","f","M","462",421.333297308296,486.055751858789,1,0,0,0,0,0,0,0,0,1,0,3,0,0,0,2,0,0,0,6,0,0,8,0,4,0,0,2,0,0,1,0,0,12,3,2,2,2,4,2,0,1,0,0
"44","f","Q","63",435.294617035854,505.880492758196,1,0,0,0,1,0,0,0,0,0,0,0,0,1,0,0,0,0,0,0,0,1,0,1,0,0,0,0,0,1,0,0,0,2,1,1,2,1,3,0,1,0,0,0
"45","f","Q","81",134.754653628176,120.101939488093,1,0,0,0,0,0,0,0,0,0,0,0,0,0,0,0,0,0,0,0,0,0,0,0,0,0,0,0,0,0,0,0,0,0,0,0,0,0,0,0,0,0,0,0
"46","f","Q","194",251.291716676965,257.892242313058,1,0,1,0,0,0,0,0,1,0,0,0,0,0,0,0,0,0,0,0,1,1,0,0,0,0,2,0,0,0,0,0,0,2,2,2,2,1,3,0,1,0,0,1
"47","f","Q","253",120.308286862188,104.50936915315,0,0,0,0,0,0,0,0,0,0,0,0,0,0,0,0,0,0,0,0,0,0,0,0,0,0,0,0,0,0,0,0,0,0,0,0,0,0,0,0,0,0,0,0
"48","f","Q","439",267.920608173337,278.974588269154,1,3,0,0,0,0,0,0,1,0,0,0,0,0,0,0,0,0,0,0,3,1,0,0,0,0,1,0,0,0,0,0,0,4,1,1,2,1,3,0,1,0,0,0
"49","f","Q","502",335.851692620748,368.060184332852,1,1,0,0,0,0,0,5,0,0,0,1,0,0,0,0,0,0,0,0,1,5,0,0,1,0,0,0,0,0,0,0,0,7,0,0,3,0,3,0,0,0,0,0
"50","f","Q","523",281.743133656421,296.72671021573,1,1,0,0,0,0,0,0,0,0,0,0,0,0,0,0,0,0,0,0,1,0,0,0,0,0,0,0,0,0,0,0,0,1,0,0,1,0,1,0,0,0,0,0
"51","f","R","247",66.0067301328162,50.0542414965502,0,0,0,0,0,0,0,0,0,0,0,0,0,0,0,0,0,0,0,0,0,0,0,0,0,0,0,0,0,0,0,0,0,0,0,0,0,0,0,0,0,0,0,0
"52","f","R","320",299.683699161892,320.062206860588,1,1,0,4,1,0,0,10,1,0,0,0,0,0,0,0,0,0,0,0,1,16,0,0,0,0,1,0,4,1,0,0,0,17,6,3,2,3,5,0,6,0,0,0
"53","f","R","335",251.291716676965,257.892242313058,1,0,0,0,0,0,0,4,0,0,0,0,0,0,0,0,0,0,0,0,0,4,0,0,0,0,0,0,0,0,0,0,0,4,0,0,1,0,1,0,0,0,0,0
"54","f","R","346",212.777622099435,210.296913073928,1,0,0,0,0,0,0,1,0,0,0,0,0,0,0,0,0,0,0,0,0,1,0,0,0,0,0,0,0,0,0,0,0,1,0,0,1,0,1,0,0,0,0,0
"55","f","R","350",266.225466910111,276.811562333759,0,0,0,0,0,0,0,0,0,0,0,0,0,0,0,0,0,0,0,0,0,0,0,0,0,0,0,0,0,0,0,0,0,0,0,0,0,0,0,0,0,0,0,0
"56","f","R","361",187.645876819629,180.256559445488,1,0,0,0,0,0,0,0,0,0,0,0,0,0,0,0,0,0,0,3,0,0,3,0,0,0,0,0,0,0,0,0,0,3,0,0,1,0,1,0,0,0,0,0
"57","f","R","493",215.70193049189,213.846775865484,1,0,0,0,0,0,0,0,0,0,0,0,0,0,0,0,0,0,0,1,0,0,1,0,0,0,0,0,0,0,0,0,0,1,0,0,1,0,1,0,0,0,0,0
"58","f","R","501",197.168041521294,191.537668013829,1,0,0,0,0,0,0,1,0,0,0,0,0,0,0,0,0,0,0,0,0,1,0,0,0,0,0,0,0,0,0,0,0,1,0,0,1,0,1,0,0,0,0,0
"59","f","U","393",82.4897691478337,65.7907145907078,0,0,0,0,0,0,0,0,0,0,0,0,0,0,0,0,0,0,0,0,0,0,0,0,0,0,0,0,0,0,0,0,0,0,0,0,0,0,0,0,0,0,0,0
"60","f","U","451",139.086005844646,124.853132149946,1,0,0,0,0,0,0,0,0,0,0,0,0,0,0,0,0,0,0,0,0,0,0,0,0,0,0,0,0,0,0,0,0,0,0,0,0,0,0,0,0,0,0,0
"61","f","U","506",449.562898869209,526.290343962943,1,0,0,0,0,0,0,0,0,0,0,1,0,0,0,0,0,0,0,0,0,0,0,0,1,0,0,0,0,0,0,0,0,1,0,0,1,0,1,0,0,0,0,0
"62","f","U","521",244.838942928664,249.794889284746,0,0,0,0,0,0,0,0,0,0,0,0,0,0,0,0,0,0,0,0,0,0,0,0,0,0,0,0,0,0,0,0,0,0,0,0,0,0,0,0,0,0,0,0
"63","f","V","228",207.009013785157,203.326750122533,1,0,0,0,0,0,0,0,0,0,0,4,0,0,0,1,0,2,0,5,0,0,8,0,4,2,0,1,0,0,0,0,0,12,3,2,2,2,4,3,0,0,0,0
"64","f","V","270",392.120632978501,445.058388306984,1,0,0,0,0,0,0,0,0,0,0,1,0,0,0,1,0,5,1,2,0,0,9,0,1,5,1,1,0,0,0,0,0,10,7,3,2,3,5,7,0,0,0,0
"65","f","V","379",372.713123031044,418.198467867048,1,0,0,0,0,0,0,0,0,0,0,0,0,3,0,0,0,3,2,6,0,0,11,3,0,3,2,0,0,0,0,0,0,14,5,2,2,2,4,5,0,0,0,0
"66","f","V","389",287.047419655462,303.592001700074,0,0,0,0,0,0,0,0,0,0,0,0,0,0,0,0,0,0,0,0,0,0,0,0,0,0,0,0,0,0,0,0,0,0,0,0,0,0,0,0,0,0,0,0
"67","f","V","456",432.946505387589,502.536027440896,1,1,0,0,0,0,0,0,0,0,0,4,0,0,1,0,0,0,1,0,1,0,2,0,4,0,1,0,1,0,0,0,0,7,2,2,3,2,5,2,0,0,0,0
"68","f","V","461",292.418275184299,310.572770627957,1,0,0,0,0,0,0,0,0,0,0,4,0,0,2,0,0,0,2,1,0,0,5,0,4,0,2,0,2,0,0,0,0,9,4,2,2,2,4,4,0,0,0,0
"69","f","X","235",211.325492357578,208.538239995587,1,0,0,0,0,0,1,12,2,0,0,1,0,0,0,0,0,9,0,9,0,15,18,0,1,10,2,0,0,0,0,0,0,34,12,3,3,2,5,9,3,0,0,0
"70","f","X","243",307.069222821287,329.762020607988,1,0,0,0,0,0,0,0,0,0,0,0,0,0,0,0,0,0,0,0,0,0,0,0,0,0,0,0,0,0,0,0,0,0,0,0,0,0,0,0,0,0,0,0
"71","f","X","260",324.130959186325,352.370989871097,1,1,0,0,0,1,0,4,0,0,0,0,0,0,0,1,0,2,0,3,1,5,6,0,0,2,0,2,0,0,0,0,0,12,4,3,3,2,5,3,1,0,0,0
"72","f","X","363",117.354241614501,101.371249409915,1,0,0,1,0,0,0,4,0,0,0,0,0,0,1,3,0,1,0,2,0,5,7,0,0,1,0,3,2,0,0,0,0,12,6,4,2,3,5,5,1,0,0,0
"73","f","X","492",248.051256075529,253.819945923519,1,0,0,0,0,0,0,2,0,0,0,0,0,0,0,1,0,2,0,2,0,2,5,0,0,2,0,1,0,0,0,0,0,7,3,2,2,2,4,3,0,0,0,0
"74","f","X","495",163.364735084219,152.086057793174,1,0,0,0,0,0,0,0,0,0,0,0,0,0,0,0,0,8,0,3,0,0,11,0,0,8,0,0,0,0,0,0,0,11,8,1,1,1,2,8,0,0,0,0
"75","m","B","65",374.836957364858,421.122733608685,1,0,0,0,0,0,0,0,0,0,0,0,0,0,0,0,0,2,1,0,0,0,3,0,0,2,1,0,0,0,0,0,0,3,3,2,1,2,3,3,0,0,0,0
"76","m","B","249",299.683699161892,320.062206860588,1,0,0,0,0,0,0,0,0,0,0,1,0,0,0,0,0,7,2,2,0,0,11,0,1,7,2,0,0,0,0,0,0,12,9,2,2,2,4,9,0,0,0,0
"77","m","B","250",335.851692620748,368.060184332852,1,0,0,0,0,0,0,0,0,0,0,1,0,0,0,0,0,3,1,2,0,0,6,0,1,3,1,0,0,0,0,0,0,7,4,2,2,2,4,4,0,0,0,0
"78","m","B","368",66.0067301328162,50.0542414965502,1,0,0,0,0,0,0,5,0,0,0,0,0,0,0,0,0,0,0,4,0,5,4,0,0,0,0,0,0,0,0,0,0,9,0,0,2,0,2,0,0,0,0,0
"79","m","B","405",517.66000142503,625.667309964935,1,1,0,0,0,0,0,0,0,0,0,0,0,0,0,0,0,1,0,3,1,0,4,0,0,1,0,0,0,0,0,0,0,5,1,1,2,1,3,1,0,0,0,0
"80","m","B","454",194.415125393522,188.263278880683,1,0,0,0,0,0,0,6,1,0,0,1,0,0,0,0,0,0,0,0,0,7,0,0,1,0,1,0,0,0,0,0,0,8,1,1,2,1,3,0,1,0,0,0
"81","m","D","52",120.308286862188,104.50936915315,1,0,0,0,0,0,0,2,2,0,0,1,0,0,0,0,0,5,0,1,0,4,6,0,1,5,2,0,0,0,0,0,0,11,7,2,3,2,5,5,2,0,0,0
"82","m","D","207",151.476680974632,138.627779860107,1,1,0,0,0,0,0,5,1,0,0,0,0,2,0,0,0,0,0,0,1,6,0,2,0,0,1,0,0,0,0,0,0,9,1,1,3,1,4,0,1,0,0,0
"83","m","D","259",229.195214428022,230.366048270584,1,0,0,0,0,0,0,6,0,1,0,0,0,0,0,0,0,0,0,0,0,6,0,0,1,0,0,0,0,0,1,0,0,7,1,1,2,1,3,0,0,1,0,0
"84","m","D","262",266.225466910111,276.811562333759,1,2,0,0,0,0,0,9,1,0,0,0,0,0,0,2,0,2,0,9,2,10,13,0,0,2,1,2,0,0,0,0,0,25,5,3,3,3,6,4,1,0,0,0
"85","m","D","372",71.4617640938085,55.1736422130423,1,0,0,0,0,0,0,2,0,1,0,2,0,0,0,0,0,0,0,1,0,2,1,0,3,0,0,0,0,0,1,0,0,6,1,1,3,1,4,0,0,1,0,0
"86","m","E","72",307.069222821287,329.762020607988,1,0,0,0,0,0,0,0,0,0,0,0,0,0,0,0,0,0,0,0,0,0,0,0,0,0,0,0,0,0,0,0,0,0,0,0,0,0,0,0,0,0,0,0
"87","m","E","364",299.683699161892,320.062206860588,1,0,0,0,0,0,0,0,0,0,0,0,0,0,0,2,0,0,0,1,0,0,3,0,0,0,0,2,0,0,0,0,0,3,2,1,1,1,2,2,0,0,0,0
"88","m","E","474",392.120632978501,445.058388306984,1,0,0,0,0,0,0,0,0,0,0,0,0,0,0,0,0,0,0,1,0,0,1,0,0,0,0,0,0,0,0,0,0,1,0,0,1,0,1,0,0,0,0,0
"89","m","E","514",389.931540696675,442.013331552198,1,1,0,0,0,0,0,0,0,0,0,0,0,0,0,1,0,0,0,0,1,0,1,0,0,0,0,1,0,0,0,0,0,2,1,1,2,1,3,1,0,0,0,0
"90","m","E","527",201.346251712486,196.527104168541,1,1,0,0,0,0,0,0,0,0,0,0,0,0,0,0,0,0,0,0,1,0,0,0,0,0,0,0,0,0,0,0,0,1,0,0,1,0,1,0,0,0,0,0
"91","m","J","75",419.036015605462,482.807759415814,1,1,0,0,0,0,0,0,0,0,0,0,0,2,0,0,0,0,0,2,1,0,2,2,0,0,0,0,0,0,0,0,0,5,0,0,3,0,3,0,0,0,0,0
"92","m","J","241",299.683699161892,320.062206860588,0,0,0,0,0,0,0,0,0,0,0,0,0,0,0,0,0,0,0,0,0,0,0,0,0,0,0,0,0,0,0,0,0,0,0,0,0,0,0,0,0,0,0,0
"93","m","J","387",403.189827916654,460.514400836662,1,0,0,0,0,0,0,0,1,0,0,7,0,0,1,1,0,0,0,0,0,1,2,0,7,0,1,1,1,0,0,0,0,10,3,3,3,3,6,2,1,0,0,0
"94","m","J","585",366.39007655008,409.514769279472,1,0,0,0,0,0,0,0,0,0,0,0,0,0,0,0,0,0,0,0,0,0,0,0,0,0,0,0,0,0,0,0,0,0,0,0,0,0,0,0,0,0,0,0
"95","m","K","374",276.504994546032,289.975679656331,1,3,0,0,0,0,0,4,1,0,0,7,0,0,0,1,0,2,2,3,3,5,8,0,7,2,3,1,0,0,0,0,0,23,6,4,4,3,7,5,1,0,0,0
"96","m","K","376",164.586842600687,153.482478235971,1,0,0,0,0,0,0,5,3,0,0,0,0,0,3,1,0,0,0,1,0,8,5,0,0,0,3,1,3,0,0,0,0,13,7,3,2,3,5,4,3,0,0,0
"97","m","K","382",276.504994546032,289.975679656331,1,1,0,1,0,0,0,9,1,0,0,0,0,0,0,0,0,2,1,3,1,11,6,0,0,2,2,0,1,0,0,0,0,18,5,4,3,3,6,3,2,0,0,0
"98","m","K","455",572.336899778713,707.653068666627,1,1,0,1,0,0,0,11,2,2,0,3,0,0,0,0,0,3,2,5,1,14,10,0,5,3,4,0,1,0,2,0,0,30,10,5,4,4,8,5,3,2,0,0
"99","m","K","471",307.069222821287,329.762020607988,1,0,0,0,0,0,0,1,0,0,0,1,0,0,2,4,1,1,0,14,0,1,22,0,1,1,0,4,2,0,0,0,1,24,8,4,3,4,7,8,0,0,0,0
"100","m","K","497",392.120632978501,445.058388306984,1,1,0,0,0,0,0,9,0,0,0,0,0,0,0,0,0,2,0,7,1,9,9,0,0,2,0,0,0,0,0,0,0,19,2,1,3,1,4,2,0,0,0,0
"101","m","N","69",347.853371676473,384.254368868127,0,0,0,0,0,0,0,0,0,0,0,0,0,0,0,0,0,0,0,0,0,0,0,0,0,0,0,0,0,0,0,0,0,0,0,0,0,0,0,0,0,0,0,0
"102","m","N","74",358.071826888342,398.142612587403,0,0,0,0,0,0,0,0,0,0,0,0,0,0,0,0,0,0,0,0,0,0,0,0,0,0,0,0,0,0,0,0,0,0,0,0,0,0,0,0,0,0,0,0
"103","m","N","203",278.243717346859,292.21340238871,1,0,0,0,0,0,0,0,0,0,0,0,0,0,0,0,0,0,0,0,0,0,0,0,0,0,0,0,0,0,0,0,0,0,0,0,0,0,0,0,0,0,0,0
"104","m","N","396",266.225466910111,276.811562333759,1,1,0,0,0,0,0,0,0,0,0,0,0,0,0,0,0,0,0,0,1,0,0,0,0,0,0,0,0,0,0,0,0,1,0,0,1,0,1,0,0,0,0,0
"105","m","N","397",188.986869791639,181.837581338497,0,0,0,0,0,0,0,0,0,0,0,0,0,0,0,0,0,0,0,0,0,0,0,0,0,0,0,0,0,0,0,0,0,0,0,0,0,0,0,0,0,0,0,0
"106","m","N","509",214.23642961132,212.066411004529,1,0,0,0,1,0,0,10,1,0,0,0,0,0,1,0,0,0,0,2,0,12,3,0,0,0,1,0,1,1,0,0,0,15,3,3,2,3,5,1,2,0,0,0
"107","m","O","167",301.518781572347,322.467323306603,1,0,0,0,0,0,0,0,0,0,0,2,0,0,0,0,0,0,0,1,0,0,1,0,2,0,0,0,0,0,0,0,0,3,0,0,2,0,2,0,0,0,0,0
"108","m","O","204",337.832370852061,370.72387277127,1,0,0,0,0,0,0,0,0,0,0,5,0,0,0,0,0,0,0,7,0,0,7,0,5,0,0,0,0,0,0,0,0,12,0,0,2,0,2,0,0,0,0,0
"109","m","O","323",209.880024788393,206.79034976002,1,0,0,0,0,0,0,3,0,0,0,1,0,0,0,0,0,0,0,4,0,3,4,0,1,0,0,0,0,0,0,0,0,8,0,0,3,0,3,0,0,0,0,0
"110","m","O","399",299.683699161892,320.062206860588,1,1,0,0,0,0,0,1,1,0,0,0,0,0,0,0,0,0,0,0,1,2,0,0,0,0,1,0,0,0,0,0,0,3,1,1,2,1,3,0,1,0,0,0
"111","m","O","569",279.989758500388,294.46373095663,1,0,0,0,0,0,0,1,0,0,0,0,0,0,0,0,0,0,0,0,0,1,0,0,0,0,0,0,0,0,0,0,0,1,0,0,1,0,1,0,0,0,0,0
"112","m","P","62",305.211527736311,327.317184424437,1,0,0,0,0,0,0,1,0,0,0,0,0,0,0,0,0,1,0,3,0,1,4,0,0,1,0,0,0,0,0,0,0,5,1,1,2,1,3,1,0,0,0,0
"113","m","P","73",243.243302584875,247.799966972059,0,0,0,0,0,0,0,0,0,0,0,0,0,0,0,0,0,0,0,0,0,0,0,0,0,0,0,0,0,0,0,0,0,0,0,0,0,0,0,0,0,0,0,0
"114","m","P","333",125.341828419546,109.896679278524,1,0,0,0,0,0,0,0,0,0,0,0,0,5,0,0,0,0,0,0,0,0,0,5,0,0,0,0,0,0,0,0,0,5,0,0,1,0,1,0,0,0,0,0
"115","m","P","362",347.853371676473,384.254368868127,1,0,0,0,0,0,0,5,0,0,0,0,0,0,0,0,0,0,0,0,0,5,0,0,0,0,0,0,0,0,0,0,0,5,0,0,1,0,1,0,0,0,0,0
"116","m","P","402",217.174140341105,215.638049803451,0,0,0,0,0,0,0,0,0,0,0,0,0,0,0,0,0,0,0,0,0,0,0,0,0,0,0,0,0,0,0,0,0,0,0,0,0,0,0,0,0,0,0,0
"117","m","P","467",501.968303086366,602.489442357994,1,0,0,0,0,0,0,0,0,0,0,0,0,0,0,0,0,0,0,0,0,0,0,0,0,0,0,0,0,0,0,0,0,0,0,0,0,0,0,0,0,0,0,0
"118","m","S","269",398.737340368393,454.285655040803,1,0,0,0,0,0,0,0,0,0,0,0,0,0,0,0,0,0,1,1,0,0,2,0,0,0,1,0,0,0,0,0,0,2,1,1,1,1,2,1,0,0,0,0
"119","m","S","326",341.817202184173,376.093519295734,1,1,0,0,0,0,0,4,1,2,0,5,0,0,1,0,0,1,1,5,1,5,8,0,7,1,2,0,1,0,2,0,0,21,6,5,4,4,8,3,1,2,0,0
"120","m","S","345",494.243517924796,591.139114140453,1,0,0,0,0,0,0,0,0,0,0,2,0,0,0,4,0,0,1,8,0,0,13,0,2,0,1,4,0,0,0,0,0,15,5,2,2,2,4,5,0,0,0,0
"121","m","S","503",212.777622099435,210.296913073928,1,0,0,0,0,0,0,7,1,0,0,0,0,0,1,1,0,0,1,1,0,8,4,0,0,0,2,1,1,0,0,0,0,12,4,4,2,3,5,3,1,0,0,0
"122","m","S","518",494.243517924796,591.139114140453,1,0,0,0,0,0,0,2,0,0,0,1,0,0,0,0,0,0,3,0,0,2,3,0,1,0,3,0,0,0,0,0,0,6,3,1,3,1,4,3,0,0,0,0
"123","m","T","77",353.960624734874,392.544006797228,1,0,0,0,0,0,0,0,0,0,0,0,0,0,0,2,0,0,0,5,0,0,7,0,0,0,0,2,0,0,0,0,0,7,2,1,1,1,2,2,0,0,0,0
"124","m","T","533",364.298494218108,406.649742758209,1,0,0,0,0,0,0,0,0,0,0,0,0,3,0,0,0,0,0,0,0,0,0,3,0,0,0,0,0,0,0,0,0,3,0,0,1,0,1,0,0,0,0,0
"125","m","T","566",299.683699161892,320.062206860588,0,0,0,0,0,0,0,0,0,0,0,0,0,0,0,0,0,0,0,0,0,0,0,0,0,0,0,0,0,0,0,0,0,0,0,0,0,0,0,0,0,0,0,0
"126","m","T","650",288.830287343381,305.906033618105,1,0,0,0,0,0,0,0,0,0,0,0,0,0,0,3,0,0,0,14,0,0,17,0,0,0,0,3,0,0,0,0,0,17,3,1,1,1,2,3,0,0,0,0
"127","m","W","404",77.2112420400641,60.665926410435,1,0,0,0,0,0,0,0,0,0,0,0,0,0,0,0,0,0,0,0,0,0,0,0,0,0,0,0,0,0,0,0,0,0,0,0,0,0,0,0,0,0,0,0
"128","m","W","541",209.880024788393,206.79034976002,1,0,0,0,1,0,0,3,0,0,0,0,0,0,0,0,0,0,0,0,0,4,0,0,0,0,0,0,0,1,0,0,0,4,1,1,1,1,2,0,1,0,0,0
"129","m","W","558",484.06839604386,576.249659671782,1,0,0,0,0,0,0,0,0,0,0,1,0,0,0,1,0,0,0,0,0,0,1,0,1,0,0,1,0,0,0,0,0,2,1,1,2,1,3,1,0,0,0,0
"130","m","W","590",257.857580375323,266.179953131953,1,0,0,0,0,0,2,16,0,0,0,1,0,0,0,0,0,3,0,0,0,18,3,0,1,5,0,0,0,0,0,0,0,22,5,2,3,1,4,3,2,0,0,0
"131","m","Y","60",271.33257977973,283.337698920593,1,0,0,0,0,0,0,2,0,0,0,0,0,0,0,0,0,1,0,0,0,2,1,0,0,1,0,0,0,0,0,0,0,3,1,1,2,1,3,1,0,0,0,0
"132","m","Y","68",269.622973915683,281.149952313655,1,0,0,0,0,0,0,1,0,0,0,0,9,0,0,0,0,0,0,1,0,1,1,9,0,9,0,0,0,0,0,0,0,11,9,1,3,1,4,0,0,0,9,0
"133","m","Y","90",297.856122980089,317.670238926113,1,0,0,0,0,0,0,0,0,0,0,0,0,0,0,0,0,0,3,8,0,0,11,0,0,0,3,0,0,0,0,0,0,11,3,1,1,1,2,3,0,0,0,0
"134","m","Y","199",347.853371676473,384.254368868127,1,0,0,0,0,0,0,1,0,0,0,0,0,0,0,0,0,0,0,0,0,1,0,0,0,0,0,0,0,0,0,0,0,1,0,0,1,0,1,0,0,0,0,0
"135","m","Y","388",301.518781572347,322.467323306603,1,0,0,0,0,0,0,0,0,0,0,0,0,0,0,0,0,0,0,0,0,0,0,0,0,0,0,0,0,0,0,0,0,0,0,0,0,0,0,0,0,0,0,0
"136","m","Y","475",484.06839604386,576.249659671782,1,1,0,0,0,0,0,2,0,0,0,0,0,0,0,0,0,0,0,3,1,2,3,0,0,0,0,0,0,0,0,0,0,6,0,0,3,0,3,0,0,0,0,0
"137","m","Z","55",209.880024788393,206.79034976002,1,0,0,0,0,0,0,9,4,0,0,0,0,0,1,1,0,1,0,2,0,13,5,0,0,1,4,1,1,0,0,0,0,18,7,4,2,4,6,3,4,0,0,0
"138","m","Z","71",264.537534484633,274.660830121325,1,0,0,0,0,0,0,2,0,0,0,0,0,0,0,0,0,0,0,1,0,2,1,0,0,0,0,0,0,0,0,0,0,3,0,0,2,0,2,0,0,0,0,0
"139","m","Z","86",337.832370852061,370.72387277127,1,0,0,0,0,0,1,1,0,0,0,0,0,0,0,0,0,0,0,0,0,2,0,0,0,1,0,0,0,0,0,0,0,2,1,1,1,1,2,0,1,0,0,0
"140","m","Z","263",190.334275558251,183.428723287954,1,0,0,0,0,0,0,0,0,0,0,0,0,0,0,1,0,2,0,3,0,0,6,0,0,2,0,1,0,0,0,0,0,6,3,2,1,2,3,3,0,0,0,0
"141","m","Z","390",993.619041282888,1189.81004005016,1,0,0,0,0,0,0,1,0,0,0,0,0,0,0,1,0,1,1,1,0,1,4,0,0,1,1,1,0,0,0,0,0,5,3,3,2,3,5,3,0,0,0,0
"142","m","Z","460",512.393417363073,617.870173539931,1,0,0,1,0,0,1,5,2,0,0,0,0,0,0,0,0,1,0,3,0,9,4,0,0,2,2,0,1,0,0,0,0,13,5,4,2,3,5,1,4,0,0,0
"143","m","Z","510",262.856795256746,272.522347312929,1,0,0,0,0,0,0,0,0,0,0,0,0,0,1,1,0,0,1,5,0,0,8,0,0,0,1,1,1,0,0,0,0,8,3,3,1,3,4,3,0,0,0,0
"144","m","Z","529",264.537534484633,274.660830121325,1,0,0,0,0,0,0,0,0,0,0,0,0,0,0,0,0,0,0,3,0,0,3,0,0,0,0,0,0,0,0,0,0,3,0,0,1,0,1,0,0,0,0,0
"145","m","Z","536",504.561114337464,606.308061872618,1,0,0,0,0,0,0,4,0,0,0,0,0,0,0,2,0,0,0,3,0,4,5,0,0,0,0,2,0,0,0,0,0,9,2,1,2,1,3,2,0,0,0,0
